{
  "requirements": [
    {
      "bonus": false,
      "description": "1 - Retorne a quantidade de documentos inseridos na coleção `produtos`",
      "enabled": true,
      "identifier": "desafio1",
      "order": 1,
      "skill_ids": []
    },
    {
      "bonus": false,
      "description": "2 - Ordene a coleção `produtos` pela quantidade de lanches vendidos em ordem crescente, mostrando apenas o `nome` e a quantidade de lanches `vendidos`",
      "enabled": true,
      "identifier": "desafio2",
      "order": 2,
      "skill_ids": []
    },
    {
      "bonus": false,
      "description": "3 - Retorne o lanche mais vendido, mostrando apenas o `nome` e a quantidade do lanche mais vendido",
      "enabled": true,
      "identifier": "desafio3",
      "order": 3,
      "skill_ids": []
    },
    {
      "bonus": false,
      "description": "4 - Retorne os lanches que tiveram vendas maiores que `50` e menores que `100`, mostrando apenas o nome e a quantidade de lanches `vendidos` em ordem crescente",
      "enabled": true,
      "identifier": "desafio4",
      "order": 4,
      "skill_ids": []
    },
    {
      "bonus": false,
      "description": "5 - Retorne o `nome`, as `curtidas` e `vendidos` dos lanches que tiveram quantidade de `curtidas` igual a `36` ou tenham a quantidade de vendas igual a `85`",
      "enabled": true,
      "identifier": "desafio5",
      "order": 5,
      "skill_ids": []
    },
    {
      "bonus": false,
      "description": "6 - Retorne o `nome` e as `curtidas` dos lanches que tiveram curtidas maiores que `10` e menores que `100`",
      "enabled": true,
      "identifier": "desafio6",
      "order": 6,
      "skill_ids": []
    },
    {
      "bonus": false,
      "description": "7 - Retorne o `nome` e `vendidos` dos lanches que tenham sido `vendidos` com uma quantidade diferente de `50` e em que o campo `tags` não exista",
      "enabled": true,
      "identifier": "desafio7",
      "order": 7,
      "skill_ids": []
    },
    {
      "bonus": false,
      "description": "8 - Delete os lanches com menos de `50` `curtidas` e retorne o `nome` dos lanches que restaram no banco",
      "enabled": true,
      "identifier": "desafio8",
      "order": 8,
      "skill_ids": []
    },
    {
      "bonus": false,
      "description": "9 - Retorne o `nome` de todos os lanches que possuam `calorias` abaixo de `500`",
      "enabled": true,
      "identifier": "desafio9",
      "order": 9,
      "skill_ids": []
    },
    {
      "bonus": false,
      "description": "10 - Retorne o `nome` de todos os lanches que tenham o percentual de `proteínas` maior ou igual a `30` e menor ou igual a `40`",
      "enabled": true,
      "identifier": "desafio10",
      "order": 10,
      "skill_ids": []
    },
    {
      "bonus": false,
      "description": "11 - Retorne o `nome` do produto, a quantidade de `curtidas` e quantos itens foram `vendidos` dos produtos que não sejam iguais a `Big Mac` e `McChicken`",
      "enabled": true,
      "identifier": "desafio11",
      "order": 11,
      "skill_ids": []
    },
    {
      "bonus": false,
      "description": "12 - Adicione `ketchup` aos `ingredientes` para todos os sanduíches menos o `McChicken`, garantindo que não haja duplicidade nos `ingredientes`",
      "enabled": true,
      "identifier": "desafio12",
      "order": 12,
      "skill_ids": []
    },
    {
      "bonus": false,
      "description": "13 - Inclua o campo `criadoPor` em todos os documentos, colocando `Ronald McDonald` no valor desse campo",
      "enabled": true,
      "identifier": "desafio13",
      "order": 13,
      "skill_ids": []
    },
    {
      "bonus": false,
      "description": "14 - Crie uma query que retorne todos os lanches que possuem *picles* em seus ingredientes e mostre apenas os `3` primeiros itens contidos no array `valoresNutricionais`",
      "enabled": true,
      "identifier": "desafio14",
      "order": 14,
      "skill_ids": []
    },
    {
      "bonus": false,
      "description": "15 - Adicione o campo `avaliacao` em todos os documentos da coleção e efetue alterações nesse campo",
      "enabled": true,
      "identifier": "desafio15",
      "order": 15,
      "skill_ids": []
    },
    {
      "bonus": false,
      "description": "16 - Adicione o campo `ultimaModificacao` com a data corrente somente no sanduíche `Big Mac`",
      "enabled": true,
      "identifier": "desafio16",
      "order": 16,
      "skill_ids": []
    },
    {
      "bonus": false,
      "description": "17 - Retorne a quantidade total de produtos em uma nova coleção chamada `resumoProdutos`",
      "enabled": true,
      "identifier": "desafio17",
      "order": 17,
      "skill_ids": []
    },
    {
      "bonus": false,
      "description": "18 - Inclua `bacon` no final da lista de `ingredientes` dos sanduíches `Big Mac` e `Quarteirão com Queijo`",
      "enabled": true,
      "identifier": "desafio18",
      "order": 18,
      "skill_ids": []
    },
    {
      "bonus": false,
      "description": "19 - Remova o item `cebola` de todos os sanduíches",
      "enabled": true,
      "identifier": "desafio19",
      "order": 19,
      "skill_ids": []
    },
    {
      "bonus": false,
      "description": "20 - Remova o primeiro `ingrediente` do sanduíche `Quarteirão com Queijo`",
      "enabled": true,
      "identifier": "desafio20",
      "order": 20,
      "skill_ids": []
    },
    {
      "bonus": false,
      "description": "21 - Remova o último `ingrediente` do sanduíche `Cheddar McMelt`",
      "enabled": true,
      "identifier": "desafio21",
      "order": 21,
      "skill_ids": []
    },
    {
      "bonus": false,
      "description": "22 - Adicione a quantidade de vendas dos sanduíches por dia da semana",
      "enabled": true,
      "identifier": "desafio22",
      "order": 22,
      "skill_ids": []
    },
    {
      "bonus": false,
      "description": "23 - Insira os valores `combo` e `tasty` no _array_ `tags` de todos os sanduíches e aproveite para deixar os valores em ordem alfabética ascendente (A a Z)",
      "enabled": true,
      "identifier": "desafio23",
      "order": 23,
      "skill_ids": []
    },
    {
      "bonus": false,
      "description": "24 - Ordene em todos os documentos os valores do _array_ `valoresNutricionais` pelo campo `percentual` de forma decrescente",
      "enabled": true,
      "identifier": "desafio24",
      "order": 24,
      "skill_ids": []
    },
    {
      "bonus": false,
      "description": "25 - Adicione o valor `muito sódio` ao final do _array_ `tags` nos produtos em que o `percentual` de `sódio` seja maior ou igual a `40`",
      "enabled": true,
      "identifier": "desafio25",
      "order": 25,
      "skill_ids": []
    },
    {
      "bonus": false,
      "description": "26 - Adicione o valor `contém sódio` ao final do _array_ `tags` nos produtos em que o `percentual` de `sódio` seja maior do que `20` e menor do que `40`",
      "enabled": true,
      "identifier": "desafio26",
      "order": 26,
      "skill_ids": []
    },
    {
      "bonus": false,
      "description": "27 - Conte quantos produtos contém `Mc` no nome, sem considerar letras maiúsculas ou minúsculas",
      "enabled": true,
      "identifier": "desafio27",
      "order": 27,
      "skill_ids": []
    },
    {
      "bonus": false,
      "description": "28 - Conte quantos produtos têm `4` ingredientes",
      "enabled": true,
      "identifier": "desafio28",
      "order": 28,
      "skill_ids": []
    },
    {
      "bonus": false,
      "description": "29 - Renomeie o campo `descricao` para `descricaoSite` em todos os documentos",
      "enabled": true,
      "identifier": "desafio29",
      "order": 29,
      "skill_ids": []
    },
    {
      "bonus": false,
      "description": "30 - Remova o campo `curtidas` do item `Big Mac`",
      "enabled": true,
      "identifier": "desafio30",
      "order": 30,
      "skill_ids": []
    },
    {
      "bonus": false,
      "description": "31 - Retorne o `nome` dos sanduíches em que o número de `curtidas` é maior que o número de sanduíches `vendidos`",
      "enabled": true,
      "identifier": "desafio31",
      "order": 31,
      "skill_ids": []
    },
    {
      "bonus": false,
      "description": "32 - Retorne o `nome` e a quantidade de vendas (`vendidos`) dos sanduíches em que o número de vendas é múltiplo de `5`",
      "enabled": true,
      "identifier": "desafio32",
      "order": 32,
      "skill_ids": []
    }
  ]
}